{
  "POST /upload/Priyanka": {
    "Type": "POST",
    "Name": "POST /upload/Priyanka",
    "Request Count": 5.0,
    "Failure Count": 0.0,
    "Median Response Time": 350.0,
    "Average Response Time": 341.3958670000284,
    "Min Response Time": 270.2662080000664,
    "Max Response Time": 384.89012500031095,
    "Average Content Size": 23037.0,
    "Requests/s": 1.1509171656539843,
    "Failures/s": 0.0,
    "50%": 350.0,
    "66%": 380.0,
    "75%": 380.0,
    "80%": 380.0,
    "90%": 380.0,
    "95%": 380.0,
    "98%": 380.0,
    "99%": 380.0,
    "99.9%": 380.0,
    "99.99%": 380.0,
    "100%": 380.0
  },
  "POST /upload/Priyanshi": {
    "Type": "POST",
    "Name": "POST /upload/Priyanshi",
    "Request Count": 5.0,
    "Failure Count": 0.0,
    "Median Response Time": 340.0,
    "Average Response Time": 343.4572164003839,
    "Min Response Time": 321.67699999990873,
    "Max Response Time": 377.50450000021374,
    "Average Content Size": 23037.0,
    "Requests/s": 1.1509171656539843,
    "Failures/s": 0.0,
    "50%": 340.0,
    "66%": 350.0,
    "75%": 350.0,
    "80%": 380.0,
    "90%": 380.0,
    "95%": 380.0,
    "98%": 380.0,
    "99%": 380.0,
    "99.9%": 380.0,
    "99.99%": 380.0,
    "100%": 380.0
  },
  "baseline_created_at": "2026-03-10T05:42:27.403550Z",
  "baseline_runs_averaged": 1,
  "[baseline_page][profile_50_rows] post /api/baseline/upload": {
    "Request Count": 1.0,
    "Failure Count": 0.0,
    "Median Response Time": 293.8522920012474,
    "Average Response Time": 293.8522920012474,
    "Min Response Time": 293.8522920012474,
    "Max Response Time": 293.8522920012474,
    "Average Content Size": 8729.0,
    "Requests/s": 0.35894255007715764,
    "Failures/s": 0.0,
    "50%": 290.0,
    "66%": 290.0,
    "75%": 290.0,
    "80%": 290.0,
    "90%": 290.0,
    "95%": 290.0,
    "98%": 290.0,
    "99%": 290.0,
    "99.9%": 290.0,
    "99.99%": 290.0,
    "100%": 290.0
  },
  "[scoping_page][profile_100_rows] get /api/scoping/download/{study_id}": {
    "Request Count": 1.0,
    "Failure Count": 0.0,
    "Median Response Time": 290.4150840040529,
    "Average Response Time": 290.4150840040529,
    "Min Response Time": 290.4150840040529,
    "Max Response Time": 290.4150840040529,
    "Average Content Size": 588.0,
    "Requests/s": 0.35894255007715764,
    "Failures/s": 0.0,
    "50%": 290.0,
    "66%": 290.0,
    "75%": 290.0,
    "80%": 290.0,
    "90%": 290.0,
    "95%": 290.0,
    "98%": 290.0,
    "99%": 290.0,
    "99.9%": 290.0,
    "99.99%": 290.0,
    "100%": 290.0
  },
  "[data_prep_page][profile_50_rows]": {
    "Request Count": 1.0,
    "Failure Count": 0.0,
    "Median Response Time": 1249.1066250004224,
    "Average Response Time": 1249.1066250004224,
    "Min Response Time": 1249.1066250004224,
    "Max Response Time": 1249.1066250004224,
    "Average Content Size": 0.0,
    "Requests/s": 0.35894255007715764,
    "Failures/s": 0.0,
    "50%": 1200.0,
    "66%": 1200.0,
    "75%": 1200.0,
    "80%": 1200.0,
    "90%": 1200.0,
    "95%": 1200.0,
    "98%": 1200.0,
    "99%": 1200.0,
    "99.9%": 1200.0,
    "99.99%": 1200.0,
    "100%": 1200.0
  },
  "[study_details_page][profile_100_rows] get /api/study/summary/{study_id}": {
    "Request Count": 1.0,
    "Failure Count": 0.0,
    "Median Response Time": 295.89820800174493,
    "Average Response Time": 295.89820800174493,
    "Min Response Time": 295.89820800174493,
    "Max Response Time": 295.89820800174493,
    "Average Content Size": 620.0,
    "Requests/s": 0.35894255007715764,
    "Failures/s": 0.0,
    "50%": 300.0,
    "66%": 300.0,
    "75%": 300.0,
    "80%": 300.0,
    "90%": 300.0,
    "95%": 300.0,
    "98%": 300.0,
    "99%": 300.0,
    "99.9%": 300.0,
    "99.99%": 300.0,
    "100%": 300.0
  },
  "[baseline_page][profile_50_rows] get /api/baseline/download/{study_id}": {
    "Request Count": 1.0,
    "Failure Count": 0.0,
    "Median Response Time": 296.37108300084947,
    "Average Response Time": 296.37108300084947,
    "Min Response Time": 296.37108300084947,
    "Max Response Time": 296.37108300084947,
    "Average Content Size": 588.0,
    "Requests/s": 0.35894255007715764,
    "Failures/s": 0.0,
    "50%": 300.0,
    "66%": 300.0,
    "75%": 300.0,
    "80%": 300.0,
    "90%": 300.0,
    "95%": 300.0,
    "98%": 300.0,
    "99%": 300.0,
    "99.9%": 300.0,
    "99.99%": 300.0,
    "100%": 300.0
  },
  "[scoping_page][profile_50_rows]": {
    "Request Count": 1.0,
    "Failure Count": 0.0,
    "Median Response Time": 297.8080829998362,
    "Average Response Time": 297.8080829998362,
    "Min Response Time": 297.8080829998362,
    "Max Response Time": 297.8080829998362,
    "Average Content Size": 0.0,
    "Requests/s": 0.35894255007715764,
    "Failures/s": 0.0,
    "50%": 300.0,
    "66%": 300.0,
    "75%": 300.0,
    "80%": 300.0,
    "90%": 300.0,
    "95%": 300.0,
    "98%": 300.0,
    "99%": 300.0,
    "99.9%": 300.0,
    "99.99%": 300.0,
    "100%": 300.0
  },
  "[data_prep_page][profile_100_rows] get /api/data-prep/download/{study_id}": {
    "Request Count": 1.0,
    "Failure Count": 0.0,
    "Median Response Time": 294.072500000766,
    "Average Response Time": 294.072500000766,
    "Min Response Time": 294.072500000766,
    "Max Response Time": 294.072500000766,
    "Average Content Size": 592.0,
    "Requests/s": 0.35894255007715764,
    "Failures/s": 0.0,
    "50%": 290.0,
    "66%": 290.0,
    "75%": 290.0,
    "80%": 290.0,
    "90%": 290.0,
    "95%": 290.0,
    "98%": 290.0,
    "99%": 290.0,
    "99.9%": 290.0,
    "99.99%": 290.0,
    "100%": 290.0
  },
  "[baseline_page][profile_100_rows] post /api/baseline/upload": {
    "Request Count": 1.0,
    "Failure Count": 0.0,
    "Median Response Time": 303.8925000000745,
    "Average Response Time": 303.8925000000745,
    "Min Response Time": 303.8925000000745,
    "Max Response Time": 303.8925000000745,
    "Average Content Size": 8732.0,
    "Requests/s": 0.35894255007715764,
    "Failures/s": 0.0,
    "50%": 300.0,
    "66%": 300.0,
    "75%": 300.0,
    "80%": 300.0,
    "90%": 300.0,
    "95%": 300.0,
    "98%": 300.0,
    "99%": 300.0,
    "99.9%": 300.0,
    "99.99%": 300.0,
    "100%": 300.0
  },
  "[scoping_page][profile_50_rows] get /api/scoping/download/{study_id}": {
    "Request Count": 1.0,
    "Failure Count": 0.0,
    "Median Response Time": 297.5140420021489,
    "Average Response Time": 297.5140420021489,
    "Min Response Time": 297.5140420021489,
    "Max Response Time": 297.5140420021489,
    "Average Content Size": 592.0,
    "Requests/s": 0.35894255007715764,
    "Failures/s": 0.0,
    "50%": 300.0,
    "66%": 300.0,
    "75%": 300.0,
    "80%": 300.0,
    "90%": 300.0,
    "95%": 300.0,
    "98%": 300.0,
    "99%": 300.0,
    "99.9%": 300.0,
    "99.99%": 300.0,
    "100%": 300.0
  },
  "[scoping_page][profile_100_rows]": {
    "Request Count": 1.0,
    "Failure Count": 0.0,
    "Median Response Time": 290.6920409950544,
    "Average Response Time": 290.6920409950544,
    "Min Response Time": 290.6920409950544,
    "Max Response Time": 290.6920409950544,
    "Average Content Size": 0.0,
    "Requests/s": 0.35894255007715764,
    "Failures/s": 0.0,
    "50%": 290.0,
    "66%": 290.0,
    "75%": 290.0,
    "80%": 290.0,
    "90%": 290.0,
    "95%": 290.0,
    "98%": 290.0,
    "99%": 290.0,
    "99.9%": 290.0,
    "99.99%": 290.0,
    "100%": 290.0
  },
  "[study_details_page][profile_50_rows] get /api/study/details/{study_id}": {
    "Request Count": 1.0,
    "Failure Count": 0.0,
    "Median Response Time": 313.050500000827,
    "Average Response Time": 313.050500000827,
    "Min Response Time": 313.050500000827,
    "Max Response Time": 313.050500000827,
    "Average Content Size": 590.0,
    "Requests/s": 0.35894255007715764,
    "Failures/s": 0.0,
    "50%": 310.0,
    "66%": 310.0,
    "75%": 310.0,
    "80%": 310.0,
    "90%": 310.0,
    "95%": 310.0,
    "98%": 310.0,
    "99%": 310.0,
    "99.9%": 310.0,
    "99.99%": 310.0,
    "100%": 310.0
  },