{
  "archived_at": "2026-03-11T16:47:57.598048Z",
  "comparison_flag": true,
  "raw_results": {
    "[baseline_page][profile_100_rows]": {
      "Type": "PAGE",
      "Name": "[baseline_page][profile_100_rows]",
      "Request Count": 1.0,
      "Failure Count": 0.0,
      "Median Response Time": 627.5088340044022,
      "Average Response Time": 627.5088340044022,
      "Min Response Time": 627.5088340044022,
      "Max Response Time": 627.5088340044022,
      "Average Content Size": 0.0,
      "Requests/s": 0.35894255007715764,
      "Failures/s": 0.0,
      "50%": 630.0,
      "66%": 630.0,
      "75%": 630.0,
      "80%": 630.0,
      "90%": 630.0,
      "95%": 630.0,
      "98%": 630.0,
      "99%": 630.0,
      "99.9%": 630.0,
      "99.99%": 630.0,
      "100%": 630.0
    },
    "[baseline_page][profile_100_rows] GET /api/baseline/download/{study_id}": {
      "Type": "GET",
      "Name": "[baseline_page][profile_100_rows] GET /api/baseline/download/{study_id}",
      "Request Count": 1.0,
      "Failure Count": 0.0,
      "Median Response Time": 322.3084170022048,
      "Average Response Time": 322.3084170022048,
      "Min Response Time": 322.3084170022048,
      "Max Response Time": 322.3084170022048,
      "Average Content Size": 590.0,
      "Requests/s": 0.35894255007715764,
      "Failures/s": 0.0,
      "50%": 320.0,
      "66%": 320.0,
      "75%": 320.0,
      "80%": 320.0,
      "90%": 320.0,
      "95%": 320.0,
      "98%": 320.0,
      "99%": 320.0,
      "99.9%": 320.0,
      "99.99%": 320.0,
      "100%": 320.0
    },
    "[baseline_page][profile_100_rows] POST /api/baseline/upload": {
      "Type": "POST",
      "Name": "[baseline_page][profile_100_rows] POST /api/baseline/upload",
      "Request Count": 1.0,
      "Failure Count": 0.0,
      "Median Response Time": 303.8925000000745,
      "Average Response Time": 303.8925000000745,
      "Min Response Time": 303.8925000000745,
      "Max Response Time": 303.8925000000745,
      "Average Content Size": 8732.0,
      "Requests/s": 0.35894255007715764,
      "Failures/s": 0.0,
      "50%": 300.0,
      "66%": 300.0,
      "75%": 300.0,
      "80%": 300.0,
      "90%": 300.0,
      "95%": 300.0,
      "98%": 300.0,
      "99%": 300.0,
      "99.9%": 300.0,
      "99.99%": 300.0,
      "100%": 300.0
    },
    "[baseline_page][profile_50_rows]": {
      "Type": "PAGE",
      "Name": "[baseline_page][profile_50_rows]",
      "Request Count": 1.0,
      "Failure Count": 0.0,
      "Median Response Time": 591.5627919966937,
      "Average Response Time": 591.5627919966937,
      "Min Response Time": 591.5627919966937,
      "Max Response Time": 591.5627919966937,
      "Average Content Size": 0.0,
      "Requests/s": 0.35894255007715764,
      "Failures/s": 0.0,
      "50%": 590.0,
      "66%": 590.0,
      "75%": 590.0,
      "80%": 590.0,
      "90%": 590.0,
      "95%": 590.0,
      "98%": 590.0,
      "99%": 590.0,
      "99.9%": 590.0,
      "99.99%": 590.0,
      "100%": 590.0
    },
    "[baseline_page][profile_50_rows] GET /api/baseline/download/{study_id}": {
      "Type": "GET",
      "Name": "[baseline_page][profile_50_rows] GET /api/baseline/download/{study_id}",
      "Request Count": 1.0,
      "Failure Count": 0.0,
      "Median Response Time": 296.37108300084947,
      "Average Response Time": 296.37108300084947,
      "Min Response Time": 296.37108300084947,
      "Max Response Time": 296.37108300084947,
      "Average Content Size": 588.0,
      "Requests/s": 0.35894255007715764,
      "Failures/s": 0.0,
      "50%": 300.0,
      "66%": 300.0,
      "75%": 300.0,
      "80%": 300.0,
      "90%": 300.0,
      "95%": 300.0,
      "98%": 300.0,
      "99%": 300.0,
      "99.9%": 300.0,
      "99.99%": 300.0,
      "100%": 300.0
    },
    "[baseline_page][profile_50_rows] POST /api/baseline/upload": {
      "Type": "POST",
      "Name": "[baseline_page][profile_50_rows] POST /api/baseline/upload",
      "Request Count": 1.0,
      "Failure Count": 0.0,
      "Median Response Time": 293.8522920012474,
      "Average Response Time": 293.8522920012474,
      "Min Response Time": 293.8522920012474,
      "Max Response Time": 293.8522920012474,
      "Average Content Size": 8729.0,
      "Requests/s": 0.35894255007715764,
      "Failures/s": 0.0,
      "50%": 290.0,
      "66%": 290.0,
      "75%": 290.0,
      "80%": 290.0,
      "90%": 290.0,
      "95%": 290.0,
      "98%": 290.0,
      "99%": 290.0,
      "99.9%": 290.0,
      "99.99%": 290.0,
      "100%": 290.0
    },
    "[data_prep_page][profile_100_rows]": {
      "Type": "PAGE",
      "Name": "[data_prep_page][profile_100_rows]",
      "Request Count": 1.0,
      "Failure Count": 0.0,
      "Median Response Time": 820.7512500011944,
      "Average Response Time": 820.7512500011944,
      "Min Response Time": 820.7512500011944,
      "Max Response Time": 820.7512500011944,
      "Average Content Size": 0.0,
      "Requests/s": 0.35894255007715764,
      "Failures/s": 0.0,
      "50%": 820.0,
      "66%": 820.0,
      "75%": 820.0,
      "80%": 820.0,
      "90%": 820.0,
      "95%": 820.0,
      "98%": 820.0,
      "99%": 820.0,
      "99.9%": 820.0,
      "99.99%": 820.0,
      "100%": 820.0
    },
    "[data_prep_page][profile_100_rows] GET /api/data-prep/download/{study_id}": {
      "Type": "GET",
      "Name": "[data_prep_page][profile_100_rows] GET /api/data-prep/download/{study_id}",
      "Request Count": 1.0,
      "Failure Count": 0.0,
      "Median Response Time": 294.072500000766,
      "Average Response Time": 294.072500000766,
      "Min Response Time": 294.072500000766,
      "Max Response Time": 294.072500000766,
      "Average Content Size": 592.0,
      "Requests/s": 0.35894255007715764,
      "Failures/s": 0.0,
      "50%": 290.0,
      "66%": 290.0,
      "75%": 290.0,
      "80%": 290.0,
      "90%": 290.0,
      "95%": 290.0,
      "98%": 290.0,
      "99%": 290.0,
      "99.9%": 290.0,
      "99.99%": 290.0,
      "100%": 290.0
    },
    "[data_prep_page][profile_100_rows] POST /api/data-prep/upload": {
      "Type": "POST",
      "Name": "[data_prep_page][profile_100_rows] POST /api/data-prep/upload",
      "Request Count": 1.0,
      "Failure Count": 0.0,
      "Median Response Time": 526.1230830001296,
      "Average Response Time": 526.1230830001296,
      "Min Response Time": 526.1230830001296,
      "Max Response Time": 526.1230830001296,
      "Average Content Size": 8363.0,
      "Requests/s": 0.35894255007715764,
      "Failures/s": 0.0,
      "50%": 530.0,
      "66%": 530.0,
      "75%": 530.0,
      "80%": 530.0,
      "90%": 530.0,
      "95%": 530.0,
      "98%": 530.0,
      "99%": 530.0,
      "99.9%": 530.0,
      "99.99%": 530.0,
      "100%": 530.0
    },
    "[data_prep_page][profile_50_rows]": {
      "Type": "PAGE",
      "Name": "[data_prep_page][profile_50_rows]",
      "Request Count": 1.0,
      "Failure Count": 0.0,
      "Median Response Time": 1249.1066250004224,
      "Average Response Time": 1249.1066250004224,
      "Min Response Time": 1249.1066250004224,
      "Max Response Time": 1249.1066250004224,
      "Average Content Size": 0.0,
      "Requests/s": 0.35894255007715764,
      "Failures/s": 0.0,
      "50%": 1200.0,
      "66%": 1200.0,
      "75%": 1200.0,
      "80%": 1200.0,
      "90%": 1200.0,
      "95%": 1200.0,
      "98%": 1200.0,
      "99%": 1200.0,
      "99.9%": 1200.0,
      "99.99%": 1200.0,
      "100%": 1200.0
    },
    "[data_prep_page][profile_50_rows] GET /api/data-prep/download/{study_id}": {
      "Type": "GET",
      "Name": "[data_prep_page][profile_50_rows] GET /api/data-prep/download/{study_id}",
      "Request Count": 1.0,
      "Failure Count": 0.0,
      "Median Response Time": 290.5751669968595,
      "Average Response Time": 290.5751669968595,
      "Min Response Time": 290.5751669968595,
      "Max Response Time": 290.5751669968595,
      "Average Content Size": 592.0,
      "Requests/s": 0.35894255007715764,